CREATE TABLE LIKE_TABLE(ID INT, NAME CHAR(30));
SUCCESS
INSERT INTO LIKE_TABLE VALUES (0, 'MANGO');
SUCCESS
INSERT INTO LIKE_TABLE VALUES (1, 'PEACH');
SUCCESS
INSERT INTO LIKE_TABLE VALUES (2, 'APPLE');
SUCCESS
INSERT INTO LIKE_TABLE VALUES (3, 'ORANGE');
SUCCESS
INSERT INTO LIKE_TABLE VALUES (4, 'CANTALOUPE');
SUCCESS
INSERT INTO LIKE_TABLE VALUES (5, 'CUCUMBER');
SUCCESS
INSERT INTO LIKE_TABLE VALUES (6, 'CABBAGE');
SUCCESS
INSERT INTO LIKE_TABLE VALUES (7, 'WATERMELON');
SUCCESS
INSERT INTO LIKE_TABLE VALUES (8, 'CARROT');
SUCCESS
INSERT INTO LIKE_TABLE VALUES (9, 'CELERY');
SUCCESS
INSERT INTO LIKE_TABLE VALUES (10, 'CORN');
SUCCESS
INSERT INTO LIKE_TABLE VALUES (11, 'CINNAMON');
SUCCESS
INSERT INTO LIKE_TABLE VALUES (12, 'COCOA');
SUCCESS
INSERT INTO LIKE_TABLE VALUES (13, 'CHERRY');
SUCCESS
INSERT INTO LIKE_TABLE VALUES (14, 'CHOCOLATE');
SUCCESS
INSERT INTO LIKE_TABLE VALUES (15, 'COCONUT');
SUCCESS
INSERT INTO LIKE_TABLE VALUES (16, 'CASHEW');
SUCCESS
INSERT INTO LIKE_TABLE VALUES (17, 'CHESTNUT');
SUCCESS
INSERT INTO LIKE_TABLE VALUES (18, 'CRANBERRY');
SUCCESS
INSERT INTO LIKE_TABLE VALUES (19, 'CACTUS');
SUCCESS

SELECT * FROM LIKE_TABLE WHERE NAME LIKE 'C%';
ID | NAME
4 | CANTALOUPE
5 | CUCUMBER
6 | CABBAGE
8 | CARROT
9 | CELERY
10 | CORN
11 | CINNAMON
12 | COCOA
13 | CHERRY
14 | CHOCOLATE
15 | COCONUT
16 | CASHEW
17 | CHESTNUT
18 | CRANBERRY
19 | CACTUS

SELECT * FROM LIKE_TABLE WHERE NAME NOT LIKE '%A%';
ID | NAME
5 | CUCUMBER
9 | CELERY
10 | CORN
13 | CHERRY
15 | COCONUT
17 | CHESTNUT
